segment,n,defaults,raw_pd,posterior_mean,ci_low,ci_high,credibility_Z,prior_alpha,prior_beta
A·installment,1060,14,0.013207547169811321,0.014047731434930728,0.008721937768449584,0.020390185960980807,0.9781268123088548,1.2235836229430495,22.480478734661443
A·revolving,713,8,0.011220196353436185,0.01252006618970674,0.006617300313148574,0.019919769589827822,0.9678241731398268,1.2235836229430495,22.480478734661443
B·installment,1298,33,0.025423728813559324,0.025893529873772456,0.019140800368878545,0.03346110968339202,0.9820655296199045,1.2235836229430495,22.480478734661443
B·revolving,869,23,0.026467203682393557,0.027135065969084198,0.01883638791907437,0.036636516627352636,0.9734468976258461,1.2235836229430495,22.480478734661443
C·installment,1070,67,0.06261682242990654,0.062378467787601796,0.05082678275699947,0.0748399214687017,0.9783268041388566,1.2235836229430495,22.480478734661443
C·revolving,756,40,0.05291005291005291,0.052870807801481234,0.040380101110508486,0.06666503391283772,0.9695986419694543,1.2235836229430495,22.480478734661443
D·installment,538,53,0.09851301115241635,0.09653407774078378,0.07690294661221568,0.11779901878809411,0.9577997313067081,1.2235836229430495,22.480478734661443
D·revolving,381,42,0.11023622047244094,0.10680293983495978,0.08272925158891581,0.13308702294672098,0.9414286522860273,1.2235836229430495,22.480478734661443
E·installment,320,60,0.1875,0.17812877509502167,0.14532298818300055,0.21306654146613616,0.9310335112276276,1.2235836229430495,22.480478734661443
E·revolving,221,33,0.1493212669683258,0.13985703095083704,0.10520261142033722,0.17786238441507338,0.9031317170249347,1.2235836229430495,22.480478734661443
