month,active,dpd30_plus,Z,dpd30_rate,default_rate_monthly
0,263,0,0.6158753287421753,0.0,0.0
1,522,0,0.6064560454469451,0.0,0.0
2,755,0,0.584956936169723,0.0,0.0
3,1006,2,0.6524847209713707,0.0019880715705765406,0.0
4,1258,10,0.5174896169219404,0.00794912559618442,0.000794912559618442
5,1502,12,0.6922365744334098,0.007989347536617843,0.002663115845539281
6,1737,13,0.6643021046754491,0.007484168105929764,0.0017271157167530224
7,1978,6,0.729840793392884,0.003033367037411527,0.0010111223458038423
8,2233,10,0.7419883784540486,0.0044782803403493054,0.0
9,2491,16,0.6260602403310602,0.006423123243677238,0.0004014452027298274
10,2707,24,0.8293320210500599,0.008865903213889916,0.0025858884373845584
11,2929,17,0.8187498289941871,0.005804028678729942,0.0020484807101399795
12,3163,19,0.787361471019441,0.006006955422067657,0.0006323110970597534
13,3395,24,0.6735209600038139,0.007069219440353461,0.0008836524300441826
14,3618,32,0.7568944214927228,0.008844665561083471,0.001105583195135434
15,3858,44,0.6803071072066861,0.011404872991187144,0.0023328149300155523
16,4087,42,0.7600014987870143,0.01027648642035723,0.002202104232933692
17,4302,46,0.6169438473500962,0.010692701069270108,0.0018596001859600185
18,4507,50,0.49746179570137194,0.011093854004881295,0.002218770800976259
19,4716,46,0.43257814450353227,0.009754028837998304,0.0019083969465648854
20,4941,64,0.3123501692146677,0.012952843553936451,0.0024286581663630845
21,5162,66,0.21449302307589224,0.012785741960480435,0.002905850445563735
22,5384,64,-0.19377304588292668,0.01188707280832095,0.0014858841010401188
23,5601,91,-0.41041296481768474,0.01624709873236922,0.0028566327441528296
24,5771,103,-0.6694213748768771,0.017847859989603188,0.004158724657771617
25,5914,109,-1.111971022379937,0.0184308420696652,0.0028745350016909027
26,6101,174,-1.4398992584985426,0.02851991476807081,0.005900672020980167
27,6264,236,-1.5705740778581219,0.037675606641123884,0.005747126436781609
28,6406,304,-2.0342014314217036,0.04745551045894474,0.008585700905401186
29,6531,364,-2.1890571702373505,0.055734190782422297,0.012555504516919308
30,6359,423,-2.356461267878903,0.06651989306494732,0.01069350526812392
31,6208,456,-2.331264950782332,0.07345360824742268,0.015947164948453607
32,6022,450,-2.2679462979020353,0.07472600464961807,0.016439721022915976
33,5822,404,-1.7920391120654988,0.06939196152524905,0.017176228100309172
34,5645,317,-1.5627017041830717,0.05615589016829052,0.015234720992028343
35,5480,266,-1.0648358185654687,0.04854014598540146,0.01113138686131387
36,5322,209,-0.7026948736209847,0.03927095077038707,0.010898158586997369
37,5147,139,-0.4667925838450069,0.027006022925976297,0.006605789780454634
38,4997,131,-0.25051581785903193,0.026215729437662597,0.0068040824494696815
39,4853,102,-0.010065863717045504,0.021017927055429632,0.005151452709664125
40,4709,92,0.20134601783328765,0.019537056699936294,0.004459545551072415
41,4588,75,0.3492733738176659,0.016346992153443766,0.003923278116826504
42,4479,55,0.4896981943204633,0.012279526680062514,0.0026791694574681848
43,4360,58,0.4817973240833084,0.013302752293577982,0.0027522935779816515
44,4252,45,0.4652187345179526,0.010583254938852305,0.0025870178739416747
45,4146,43,0.6999809680297495,0.010371442354076218,0.00241196333815726
46,4042,40,0.5920379788729202,0.009896091044037604,0.002474022761009401
47,3932,37,0.7267943452154815,0.009409969481180062,0.002797558494404883
48,3804,31,0.7721329297202159,0.00814931650893796,0.0015772870662460567
49,3672,30,0.7708142770489574,0.008169934640522876,0.0027233115468409588
50,3544,21,0.8386050974265129,0.005925507900677201,0.0025395033860045146
51,3389,17,0.7313635890471648,0.005016228976099144,0.0005901445854234287
52,3265,11,0.754560584791468,0.0033690658499234303,0.0009188361408882082
53,3160,22,0.7393201937288831,0.006962025316455696,0.0009493670886075949
