year,cumulative_pd,marginal_pd,conditional_pd,grade,simple_formula_cum
1,0.011846698560795121,0.011846698560795121,0.011846698560795121,A,0.011846698560795121
2,0.027314177581256316,0.015467479020461194,0.01565291437870363,A,0.023553052854799916
3,0.03866835906775967,0.011354181486503356,0.01167302043970304,A,0.03512072549823775
4,0.04521028694118734,0.0065419278734276665,0.006805068713939039,A,0.04655135941081878
1,0.02499494399866853,0.02499494399866853,0.02499494399866853,B,0.02499494399866853
2,0.06741341257706268,0.04241846857839415,0.04350589601284716,B,0.04936514077184051
3,0.10670320880411466,0.039289796227051976,0.04212991775447191,B,0.07312620584143048
4,0.1261471698613611,0.01944396105724644,0.021766518416814394,B,0.09629336442025738
1,0.05695966920169793,0.05695966920169793,0.05695966920169793,C,0.05695966920169793
2,0.1457698816584705,0.08881021245677256,0.09417435241777304,C,0.11067493448782895
3,0.2197642393026854,0.07399435764421491,0.08662110601751372,C,0.16133059603218058
4,0.24725647891558156,0.027492239612896152,0.03523581076100089,C,0.2091009278517728
1,0.1002305404212801,0.1002305404212801,0.1002305404212801,D,0.1002305404212801
2,0.26712807849751397,0.16689753807623386,0.1854892231554256,D,0.19041491960941836
3,0.35970368713334633,0.09257560863583236,0.12631894594356938,D,0.27156006973397184
4,0.3705547301688199,0.010851043035473573,0.016946908513173622,D,0.3445719976089754
1,0.16789443022477046,0.16789443022477046,0.16789443022477046,E,0.16789443022477046
2,0.3989177372602123,0.23102330703544183,0.2776370155746541,E,0.30760032074904065
3,0.5724536374668692,0.17353590020665688,0.28870574123359494,E,0.4238503703846943
4,0.6338071284088567,0.0613534909419875,0.143501375098784,E,0.5205826841731686
