cohort,mob,n_originated,cum_default_rate
2022Q1,1,765,0.0
2022Q1,2,765,0.0
2022Q1,3,765,0.0
2022Q1,4,765,0.00261437908496732
2022Q1,5,765,0.006535947712418301
2022Q1,6,765,0.009150326797385621
2022Q1,7,765,0.01045751633986928
2022Q1,8,765,0.011764705882352941
2022Q1,9,765,0.01568627450980392
2022Q1,10,765,0.0196078431372549
2022Q1,11,765,0.02091503267973856
2022Q1,12,765,0.023529411764705882
2022Q1,13,765,0.023529411764705882
2022Q1,14,765,0.026143790849673203
2022Q1,15,765,0.02875816993464052
2022Q1,16,765,0.02875816993464052
2022Q1,17,765,0.02875816993464052
2022Q1,18,765,0.02875816993464052
2022Q1,19,765,0.03137254901960784
2022Q1,20,765,0.03790849673202614
2022Q1,21,765,0.03790849673202614
2022Q1,22,765,0.03790849673202614
2022Q1,23,765,0.0392156862745098
2022Q1,24,765,0.043137254901960784
2022Q1,25,765,0.044444444444444446
2022Q1,26,765,0.0457516339869281
2022Q1,27,765,0.048366013071895426
2022Q1,28,765,0.050980392156862744
2022Q1,29,765,0.05620915032679739
2022Q1,30,765,0.06013071895424837
2022Q1,31,765,0.06143790849673202
2022Q1,32,765,0.0718954248366013
2022Q1,33,765,0.08235294117647059
2022Q1,34,765,0.0915032679738562
2022Q1,35,765,0.09281045751633987
2022Q1,36,765,0.09673202614379085
2022Q2,1,778,0.0
2022Q2,2,778,0.0
2022Q2,3,778,0.0012853470437017994
2022Q2,4,778,0.0012853470437017994
2022Q2,5,778,0.0012853470437017994
2022Q2,6,778,0.002570694087403599
2022Q2,7,778,0.0038560411311053984
2022Q2,8,778,0.005141388174807198
2022Q2,9,778,0.006426735218508998
2022Q2,10,778,0.007712082262210797
2022Q2,11,778,0.010282776349614395
2022Q2,12,778,0.011568123393316195
2022Q2,13,778,0.014138817480719794
2022Q2,14,778,0.017994858611825194
2022Q2,15,778,0.021850899742930592
2022Q2,16,778,0.02442159383033419
2022Q2,17,778,0.028277634961439587
2022Q2,18,778,0.032133676092544985
2022Q2,19,778,0.03470437017994859
2022Q2,20,778,0.04113110539845758
2022Q2,21,778,0.04755784061696658
2022Q2,22,778,0.05398457583547558
2022Q2,23,778,0.05784061696658098
2022Q2,24,778,0.060411311053984576
2022Q2,25,778,0.06940874035989718
2022Q2,26,778,0.07969151670951156
2022Q2,27,778,0.08997429305912596
2022Q2,28,778,0.09383033419023136
2022Q2,29,778,0.10154241645244216
2022Q2,30,778,0.11182519280205655
2022Q2,31,778,0.12339331619537275
2022Q2,32,778,0.12724935732647816
2022Q2,33,778,0.12982005141388175
2022Q2,34,778,0.13496143958868895
2022Q2,35,778,0.13881748071979436
2022Q2,36,778,0.14138817480719795
2022Q3,1,794,0.0
2022Q3,2,794,0.0
2022Q3,3,794,0.0
2022Q3,4,794,0.0012594458438287153
2022Q3,5,794,0.003778337531486146
2022Q3,6,794,0.003778337531486146
2022Q3,7,794,0.005037783375314861
2022Q3,8,794,0.006297229219143577
2022Q3,9,794,0.008816120906801008
2022Q3,10,794,0.011335012594458438
2022Q3,11,794,0.012594458438287154
2022Q3,12,794,0.015113350125944584
2022Q3,13,794,0.017632241813602016
2022Q3,14,794,0.021410579345088162
2022Q3,15,794,0.021410579345088162
2022Q3,16,794,0.02392947103274559
2022Q3,17,794,0.02392947103274559
2022Q3,18,794,0.028967254408060455
2022Q3,19,794,0.031486146095717885
2022Q3,20,794,0.03904282115869018
2022Q3,21,794,0.04785894206549118
2022Q3,22,794,0.05793450881612091
2022Q3,23,794,0.06675062972292191
2022Q3,24,794,0.07934508816120907
2022Q3,25,794,0.08942065491183879
2022Q3,26,794,0.11083123425692695
2022Q3,27,794,0.11838790931989925
2022Q3,28,794,0.12468513853904283
2022Q3,29,794,0.1309823677581864
2022Q3,30,794,0.13727959697732997
2022Q3,31,794,0.14105793450881612
2022Q3,32,794,0.14357682619647355
2022Q3,33,794,0.14609571788413098
2022Q3,34,794,0.14987405541561713
2022Q3,35,794,0.14987405541561713
2022Q3,36,794,0.15113350125944586
2022Q4,1,787,0.0
2022Q4,2,787,0.0
2022Q4,3,787,0.0012706480304955528
2022Q4,4,787,0.0012706480304955528
2022Q4,5,787,0.0025412960609911056
2022Q4,6,787,0.0063532401524777635
2022Q4,7,787,0.008894536213468869
2022Q4,8,787,0.012706480304955527
2022Q4,9,787,0.015247776365946633
2022Q4,10,787,0.017789072426937738
2022Q4,11,787,0.020330368487928845
2022Q4,12,787,0.020330368487928845
2022Q4,13,787,0.021601016518424398
2022Q4,14,787,0.0241423125794155
2022Q4,15,787,0.02795425667090216
2022Q4,16,787,0.03176620076238882
2022Q4,17,787,0.03939008894536213
2022Q4,18,787,0.045743329097839895
2022Q4,19,787,0.054637865311308764
2022Q4,20,787,0.07369758576874205
2022Q4,21,787,0.08894536213468869
2022Q4,22,787,0.10038119440914867
2022Q4,23,787,0.10927573062261753
2022Q4,24,787,0.1181702668360864
2022Q4,25,787,0.1207115628970775
2022Q4,26,787,0.13087674714104194
2022Q4,27,787,0.13468869123252858
2022Q4,28,787,0.1397712833545108
2022Q4,29,787,0.1423125794155019
2022Q4,30,787,0.14612452350698857
2022Q4,31,787,0.1473951715374841
2022Q4,32,787,0.14866581956797967
2022Q4,33,787,0.14993646759847523
2022Q4,34,787,0.15120711562897077
2022Q4,35,787,0.15120711562897077
2022Q4,36,787,0.15120711562897077
2023Q1,1,792,0.0
2023Q1,2,792,0.0
2023Q1,3,792,0.0
2023Q1,4,792,0.0012626262626262627
2023Q1,5,792,0.0025252525252525255
2023Q1,6,792,0.005050505050505051
2023Q1,7,792,0.007575757575757576
2023Q1,8,792,0.013888888888888888
2023Q1,9,792,0.01893939393939394
2023Q1,10,792,0.022727272727272728
2023Q1,11,792,0.02904040404040404
2023Q1,12,792,0.03156565656565657
2023Q1,13,792,0.03156565656565657
2023Q1,14,792,0.03409090909090909
2023Q1,15,792,0.03787878787878788
2023Q1,16,792,0.04924242424242424
2023Q1,17,792,0.06691919191919192
2023Q1,18,792,0.07323232323232323
2023Q1,19,792,0.08712121212121213
2023Q1,20,792,0.10101010101010101
2023Q1,21,792,0.11363636363636363
2023Q1,22,792,0.12373737373737374
2023Q1,23,792,0.13257575757575757
2023Q1,24,792,0.1388888888888889
2023Q1,25,792,0.14646464646464646
2023Q1,26,792,0.15404040404040403
2023Q1,27,792,0.1553030303030303
2023Q1,28,792,0.1553030303030303
2023Q1,29,792,0.1553030303030303
2023Q1,30,792,0.1553030303030303
2023Q1,31,792,0.15656565656565657
2023Q1,32,792,0.15782828282828282
2023Q1,33,792,0.15782828282828282
2023Q1,34,792,0.1590909090909091
2023Q1,35,792,0.16161616161616163
2023Q1,36,792,0.16540404040404041
2023Q2,1,827,0.0
2023Q2,2,827,0.0
2023Q2,3,827,0.0
2023Q2,4,827,0.0
2023Q2,5,827,0.0024183796856106408
2023Q2,6,827,0.0036275695284159614
2023Q2,7,827,0.0048367593712212815
2023Q2,8,827,0.006045949214026602
2023Q2,9,827,0.007255139056831923
2023Q2,10,827,0.010882708585247884
2023Q2,11,827,0.018137847642079808
2023Q2,12,827,0.02539298669891173
2023Q2,13,827,0.03506650544135429
2023Q2,14,827,0.044740024183796856
2023Q2,15,827,0.0592503022974607
2023Q2,16,827,0.07255139056831923
2023Q2,17,827,0.08343409915356712
2023Q2,18,827,0.09673518742442563
2023Q2,19,827,0.10882708585247884
2023Q2,20,827,0.11729141475211609
2023Q2,21,827,0.12454655380894801
2023Q2,22,827,0.13059250302297462
2023Q2,23,827,0.13301088270858524
2023Q2,24,827,0.1354292623941959
2023Q2,25,827,0.13784764207980654
2023Q2,26,827,0.1414752116082225
2023Q2,27,827,0.14389359129383314
2023Q2,28,827,0.14631197097944376
2023Q2,29,827,0.1487303506650544
2023Q2,30,827,0.14993954050785974
2023Q2,31,827,0.14993954050785974
2023Q2,32,827,0.14993954050785974
2023Q2,33,827,0.15114873035066506
2023Q2,34,827,0.1523579201934704
2023Q2,35,827,0.1523579201934704
2023Q2,36,827,0.15356711003627568
2023Q3,1,786,0.0
2023Q3,2,786,0.0
2023Q3,3,786,0.0
2023Q3,4,786,0.0
2023Q3,5,786,0.001272264631043257
2023Q3,6,786,0.005089058524173028
2023Q3,7,786,0.011450381679389313
2023Q3,8,786,0.019083969465648856
2023Q3,9,786,0.029262086513994912
2023Q3,10,786,0.043256997455470736
2023Q3,11,786,0.05089058524173028
2023Q3,12,786,0.06743002544529263
2023Q3,13,786,0.07633587786259542
2023Q3,14,786,0.08778625954198473
2023Q3,15,786,0.10305343511450382
2023Q3,16,786,0.11068702290076336
2023Q3,17,786,0.12468193384223919
2023Q3,18,786,0.13358778625954199
2023Q3,19,786,0.138676844783715
2023Q3,20,786,0.1450381679389313
2023Q3,21,786,0.14631043256997456
2023Q3,22,786,0.14885496183206107
2023Q3,23,786,0.15394402035623408
2023Q3,24,786,0.15776081424936386
2023Q3,25,786,0.15776081424936386
2023Q3,26,786,0.16157760814249364
2023Q3,27,786,0.16412213740458015
2023Q3,28,786,0.16412213740458015
2023Q3,29,786,0.16539440203562342
2023Q3,30,786,0.16539440203562342
2023Q3,31,786,0.16793893129770993
2023Q3,32,786,0.1692111959287532
2023Q3,33,786,0.1717557251908397
2023Q3,34,786,0.1717557251908397
2023Q4,1,834,0.0
2023Q4,2,834,0.0
2023Q4,3,834,0.002398081534772182
2023Q4,4,834,0.0035971223021582736
2023Q4,5,834,0.009592326139088728
2023Q4,6,834,0.011990407673860911
2023Q4,7,834,0.016786570743405275
2023Q4,8,834,0.022781774580335732
2023Q4,9,834,0.039568345323741004
2023Q4,10,834,0.05635491606714628
2023Q4,11,834,0.07074340527577938
2023Q4,12,834,0.08513189448441247
2023Q4,13,834,0.09832134292565947
2023Q4,14,834,0.1091127098321343
2023Q4,15,834,0.11270983213429256
2023Q4,16,834,0.1211031175059952
2023Q4,17,834,0.1223021582733813
2023Q4,18,834,0.12350119904076738
2023Q4,19,834,0.12829736211031176
2023Q4,20,834,0.12949640287769784
2023Q4,21,834,0.1342925659472422
2023Q4,22,834,0.1366906474820144
2023Q4,23,834,0.13788968824940048
2023Q4,24,834,0.14028776978417265
2023Q4,25,834,0.14388489208633093
2023Q4,26,834,0.14628297362110312
2023Q4,27,834,0.14628297362110312
2023Q4,28,834,0.1474820143884892
2023Q4,29,834,0.1498800959232614
2023Q4,30,834,0.1498800959232614
2023Q4,31,834,0.1498800959232614
2024Q1,1,823,0.0
2024Q1,2,823,0.0
2024Q1,3,823,0.004860267314702308
2024Q1,4,823,0.010935601458080195
2024Q1,5,823,0.019441069258809233
2024Q1,6,823,0.030376670716889428
2024Q1,7,823,0.040097205346294046
2024Q1,8,823,0.05710814094775213
2024Q1,9,823,0.07290400972053462
2024Q1,10,823,0.08383961117861483
2024Q1,11,823,0.0959902794653706
2024Q1,12,823,0.10206561360874848
2024Q1,13,823,0.10449574726609964
2024Q1,14,823,0.1117861482381531
2024Q1,15,823,0.12029161603888214
2024Q1,16,823,0.12879708383961117
2024Q1,17,823,0.13001215066828675
2024Q1,18,823,0.13001215066828675
2024Q1,19,823,0.13487241798298907
2024Q1,20,823,0.13487241798298907
2024Q1,21,823,0.13608748481166463
2024Q1,22,823,0.13730255164034022
2024Q1,23,823,0.13973268529769137
2024Q1,24,823,0.1421628189550425
2024Q1,25,823,0.1421628189550425
2024Q1,26,823,0.1433778857837181
2024Q1,27,823,0.1445929526123937
2024Q1,28,823,0.1445929526123937
2024Q2,1,814,0.0
2024Q2,2,814,0.0
2024Q2,3,814,0.002457002457002457
2024Q2,4,814,0.011056511056511056
2024Q2,5,814,0.022113022113022112
2024Q2,6,814,0.038083538083538086
2024Q2,7,814,0.044226044226044224
2024Q2,8,814,0.056511056511056514
2024Q2,9,814,0.06265356265356266
2024Q2,10,814,0.0687960687960688
2024Q2,11,814,0.0773955773955774
2024Q2,12,814,0.07862407862407862
2024Q2,13,814,0.08230958230958231
2024Q2,14,814,0.08230958230958231
2024Q2,15,814,0.08353808353808354
2024Q2,16,814,0.08476658476658476
2024Q2,17,814,0.08722358722358722
2024Q2,18,814,0.09090909090909091
2024Q2,19,814,0.09582309582309582
2024Q2,20,814,0.09828009828009827
2024Q2,21,814,0.09950859950859951
2024Q2,22,814,0.10196560196560196
2024Q2,23,814,0.10319410319410319
2024Q2,24,814,0.10319410319410319
2024Q2,25,814,0.10319410319410319
